ngram ,total_tf_query,P_w,P_w_Given_query_time,P_w_Given_time,PMI_classic,PMI_time
nsb,29,3.127432501259101E-5,1.0,6.66819958611175E-5,14.964661727103948,13.872343188111222
luns,21,5.348116008341265E-4,0.7241379310344828,3.7709818349045756E-4,10.40301804729603,10.907108606271898
lid,7,0.0016448437075929055,0.2413793103448276,0.0019038859507932858,7.19720770543885,6.9862111526695
lidmaatschap,7,1.0429935783902053E-4,0.2413793103448276,1.1956771671648655E-4,11.176356031127195,10.979258392027731
jong,7,0.004836321484991653,0.2413793103448276,0.00541733731892389,5.64124806349235,5.477574286338364
prof,4,0.0023136291495700788,0.13793103448275862,0.0016463554840193148,5.897645655405981,6.388527410846965
jaren,3,0.0023163643628137543,0.10344827586206896,0.0023315704759714877,5.480903583958333,5.471463751829037
consequenties,3,7.483130572319631E-5,0.10344827586206896,8.047827086686595E-5,10.43298003126819,10.32802267188741
navo,3,8.22008991420049E-4,0.10344827586206896,0.0011657852379857439,6.975539710449982,6.471463751829037
verleden,3,4.7185008843254065E-4,0.10344827586206896,3.610025293170844E-4,7.776365311632095,8.16268493994075
agt,3,3.595515220506957E-4,0.10344827586206896,0.0014348126005978385,8.168495368216522,6.17190346997013
kamer,3,0.003551596985216998,0.10344827586206896,0.004394113589330881,4.864297908009125,4.557193625854921
gesprek,3,0.0016008738645058964,0.10344827586206896,0.0021039319383766384,6.013906150247032,5.619677755660972
broer,2,0.005210736052592886,0.06896551724137931,0.007236146240515061,3.7263161119593824,3.252581724812797
izvestia,2,8.876541092682597E-6,0.06896551724137931,4.598758335249483E-6,12.923589960747229,13.87234318811122
rol,2,7.277215462088215E-4,0.06896551724137931,7.610945044837894E-4,6.5663448581067385,6.501655781304004
familielid,2,2.368797884617042E-5,0.06896551724137931,3.679006668199586E-5,11.50750437203552,10.872343188111222
kringen,1,1.061572385328378E-4,0.034482758620689655,1.9084847091285352E-4,8.343528636924395,7.497303756764296
brieven,1,9.817351232912852E-4,0.034482758620689655,0.0011565877213152449,5.134397553222595,4.897928598305693
gelezen,1,1.288646692350491E-4,0.034482758620689655,1.6325592090135664E-4,8.063874609521116,7.7225960686065385
les,1,4.450656417633414E-4,0.034482758620689655,4.3688204184870086E-4,6.275713252696821,6.302487579780273
kooiman,1,7.276699384117711E-5,0.034482758620689655,1.0807082087836284E-4,8.888375268163172,8.317754336433584
oorlog,1,0.0013720965001811176,0.034482758620689655,0.00102322372959301,4.651421339046447,5.074681662257461
vóór,1,8.846608570393319E-4,0.034482758620689655,7.541963669809151E-4,5.284606893791798,5.514791183493136
bewijs,1,2.677412510978914E-4,0.034482758620689655,2.0234536675097723E-4,7.008891951197629,7.412911569473925
geconfronteerd,1,2.590711411934107E-5,0.034482758620689655,3.679006668199586E-5,10.378311161498555,9.872343188111222
verbindt,1,2.3378332063867538E-5,0.034482758620689655,3.449068751437112E-5,10.526487475403092,9.965452592502704
gemeld,1,1.419214418888206E-4,0.034482758620689655,1.5865716256610715E-4,7.924638812149944,7.763818731333052
zegt,1,0.001342370409080041,0.034482758620689655,0.001519889629799954,4.683020470747843,4.503836726603529
bureau,1,4.3118314435676224E-4,0.034482758620689655,3.449068751437112E-4,6.321430602500778,6.6435244976153385
oorlogsdocumentatie,1,7.328307181168191E-6,0.034482758620689655,2.069441250862267E-5,12.200107595944647,10.70241818666891
schokt,1,5.6149283190922475E-5,0.034482758620689655,4.368820418487009E-5,9.262391874198988,9.624415674667635
regering,1,0.0031331609667317045,0.034482758620689655,0.0034421706139342377,3.4601843991935173,3.3244846820528036
week,1,0.0031022995040955173,0.034482758620689655,0.0025316164635548403,3.474465314890052,3.7677444345468505
wist,1,3.895356521370247E-4,0.034482758620689655,2.9661991262359163E-4,6.467976007848883,6.861115932687968
erb,1,1.8062728967668076E-6,0.034482758620689655,2.2993791676247413E-6,14.220571698504362,13.87234318811122
oit6,1,5.160779705048022E-8,0.034482758620689655,2.2993791676247413E-6,19.349854715449325,13.87234318811122
onderbe.wustc,1,5.160779705048022E-8,0.034482758620689655,2.2993791676247413E-6,19.349854715449325,13.87234318811122
ttmnj,1,5.160779705048022E-8,0.034482758620689655,2.2993791676247413E-6,19.349854715449325,13.87234318811122
vam,1,2.248551717489423E-4,0.034482758620689655,7.128075419636698E-5,7.260735317534159,8.918146877724347
vmianocns,1,5.160779705048022E-8,0.034482758620689655,2.2993791676247413E-6,19.349854715449325,13.87234318811122
belangrijk,1,5.019890419100211E-4,0.034482758620689655,4.0009197516670497E-4,6.102075512984118,6.429399692262493
chap,1,3.6125457935336152E-6,0.034482758620689655,2.2993791676247413E-6,13.220571698504362,13.87234318811122
lidmaat,1,2.838428837776412E-6,0.034482758620689655,2.2993791676247413E-6,13.568495001924667,13.87234318811122
uns,1,1.4295359782983021E-5,0.034482758620689655,3.679006668199586E-5,11.236112549400136,9.872343188111222
vindt,1,0.0020454750360957836,0.034482758620689655,0.0022694872384456197,4.075367359505126,3.9254369136548224
ondanks,1,0.0010668363806275272,0.034482758620689655,0.0010002299379167625,5.014464360755401,5.107471597375129
ontkent,1,3.339540547136575E-4,0.034482758620689655,3.2881122097033804E-4,6.690081753567718,6.712471851332831
zekerheid,1,3.175943830486553E-4,0.034482758620689655,3.747988043228328E-4,6.762545987115782,6.523615033880143
hoeft,1,2.0312828919069015E-4,0.034482758620689655,3.173143251322143E-4,7.407340210110085,6.763818731333052
genoemd,1,2.757404596407158E-4,0.034482758620689655,3.081168084617153E-4,6.966420413626553,6.8062539976534495
voorbarig,1,6.796746871548245E-5,0.034482758620689655,6.438261669349276E-5,8.986815085192813,9.064988266053614
blad,1,5.968957806858542E-4,0.034482758620689655,6.300298919291791E-4,5.852252328665838,5.774311105150694
documenten,1,1.0837637380600845E-4,0.034482758620689655,6.208323752586801E-5,8.313681102895842,9.117455685947752
gnuift,1,7.741169557572033E-7,0.034482758620689655,2.2993791676247413E-6,15.44296411984081,13.87234318811122
onaantastbaar,1,1.888845372047576E-5,0.034482758620689655,2.5293170843872154E-5,10.834154877165284,10.412911569473922
volgens,1,0.001002997535676083,0.034482758620689655,0.0012807541963669809,5.103485228222768,4.750809670771188
cda’er,1,9.289403469086439E-7,0.034482758620689655,2.2993791676247413E-6,15.179929714007013,13.87234318811122
joseph,1,9.751809330658742E-4,0.034482758620689655,9.013566337088986E-4,5.14406146605217,5.257633343996012
maarten,1,7.692658228344581E-4,0.034482758620689655,9.749367670728904E-4,5.486249171127877,5.144422733548021
schakel,1,1.3634779980736873E-4,0.034482758620689655,2.4833295010347206E-4,7.9824399642025,7.117455685947752
herzien,1,9.717748184605425E-5,0.034482758620689655,1.3106461255461024E-4,8.4710374308351,8.039453173946479
onderzoek,1,0.0026605367613434065,0.034482758620689655,0.003037479880432283,3.696085951775183,3.504928436864393
reglementen,1,1.6927357432557513E-5,0.034482758620689655,2.5293170843872154E-5,10.992302710831245,10.412911569473922
riod,1,5.418818690300423E-6,0.034482758620689655,7.81788916992412E-5,12.635609197783204,8.78488034686088
bevestigt,1,1.2958717839375584E-4,0.034482758620689655,1.448608875603587E-4,8.055808402177826,7.895063264611304
inschrijving,1,1.268519651500804E-4,0.034482758620689655,5.7484479190618535E-5,8.086585515076667,9.228486998336495
contributiebetaler,1,5.160779705048022E-8,0.034482758620689655,2.2993791676247413E-6,19.349854715449325,13.87234318811122
generaal,1,0.0010750420203585534,0.034482758620689655,6.714187169464244E-4,5.003410237740148,5.682518629231204
secretaris,1,8.131840581244168E-4,0.034482758620689655,8.760634628650264E-4,5.4061494519375675,5.298696000617898
trouw,1,6.663598755158005E-4,0.034482758620689655,7.955851919981604E-4,5.693429852171548,5.437714960474496
kamerdebat,1,7.008338839455214E-5,0.034482758620689655,1.6325592090135664E-4,8.942586951204595,7.7225960686065385
komt,1,0.0030251458475050496,0.034482758620689655,0.0032145320763393883,3.5107985906514205,3.423194542735784
proppen,1,5.057564110947062E-6,0.034482758620689655,6.898137502874224E-6,12.735144871334118,12.287380687390066
weer,1,0.015393367273029038,0.034482758620689655,0.015769142331570476,1.1635663413613013,1.128770999175586
aanvraagformulier,1,7.741169557572033E-7,0.034482758620689655,2.2993791676247413E-6,15.44296411984081,13.87234318811122
afloop,1,0.0014686030806655155,0.034482758620689655,0.0021844102092435044,4.55335875812729,3.980559484892911
ledenlijst,1,2.2707430702211297E-6,0.034482758620689655,6.898137502874224E-6,13.890423096812029,12.287380687390066
brief,1,0.0011758320479981412,0.034482758620689655,0.001138192687974247,4.87412128448293,4.9210584731442495
premier,1,0.0017229263045302821,0.034482758620689655,0.0018142101632559208,4.322942295668986,4.248461698097762
stuurde,1,4.691148751888652E-5,0.034482758620689655,3.219130834674638E-5,9.521718231255221,10.064988266053616
tweede,1,0.005964674359703352,0.034482758620689655,0.004762014256150839,2.5313599131337376,2.8562313498907086
aanwezig,1,9.312626977759156E-4,0.034482758620689655,0.0015382846631409519,5.210543192664732,4.486480787469759
chef,1,3.869552622845007E-4,0.034482758620689655,3.7709818349045756E-4,6.477564605161236,6.514791183493136
formulier,1,2.2449391716958896E-5,0.034482758620689655,4.368820418487009E-5,10.584983124713238,9.624415674667635
onmogelijk,1,7.329339337109201E-4,0.034482758620689655,0.0013428374338928489,5.556048223993557,4.682518629231204
das,1,1.6024220984174107E-4,0.034482758620689655,1.8624971257760406E-4,7.749477162341485,7.5324931852265955
eerherstel,1,6.610958802166516E-5,0.034482758620689655,6.208323752586801E-5,9.02679995510768,9.117455685947752
jaar,1,0.02770621353231786,0.034482758620689655,0.03190618532996091,0.31566563617035204,0.112039062824838
komen,1,0.002088309507647682,0.034482758620689655,0.0021637157967348817,4.045467740434608,3.9942922753826835
lang,1,0.0022359078072120555,0.034482758620689655,0.0025615083927339618,3.9469425865144334,3.750809670771188
leven,1,0.00608053386408168,0.034482758620689655,0.006348585881811911,2.503605293291529,2.4413680155231505
lotenverkoper,1,8.773325498581637E-7,0.034482758620689655,4.598758335249483E-6,15.26239187419899,12.87234318811122
marten,1,9.394683375069419E-4,0.034482758620689655,0.0011841802713267418,5.197886844481138,4.8639145660406395
stempel,1,8.246925968666739E-5,0.034482758620689655,9.427454587261439E-5,8.70780302252135,8.514791183493138
strijd,1,0.003084443206316051,0.034482758620689655,0.002361462405150609,3.4827932072863472,3.868122721793025
tracht,1,1.0760225685025125E-4,0.034482758620689655,5.9783858358243275E-5,8.3240230471173,9.171903469970129
voert,1,2.818301796926725E-4,0.034482758620689655,2.7592550011496897E-4,6.934905273975064,6.965452592502702
winterhulp,1,2.0127040849687285E-6,0.034482758620689655,4.598758335249483E-6,14.064452496587077,12.87234318811122
authentieke,1,1.1405323148156129E-5,0.034482758620689655,1.3796275005748449E-5,11.561952156057895,11.287380687390066
