ngram ,total_tf_query,P_w,P_w_Given_query_time,P_w_Given_time,PMI_classic,PMI_time
nsb,29,3.127432501259101E-5,1.0,6.66819958611175E-5,14.964661727103948,13.872343188111222
oit6,1,5.160779705048022E-8,0.034482758620689655,2.2993791676247413E-6,19.349854715449325,13.87234318811122
onderbe.wustc,1,5.160779705048022E-8,0.034482758620689655,2.2993791676247413E-6,19.349854715449325,13.87234318811122
ttmnj,1,5.160779705048022E-8,0.034482758620689655,2.2993791676247413E-6,19.349854715449325,13.87234318811122
vmianocns,1,5.160779705048022E-8,0.034482758620689655,2.2993791676247413E-6,19.349854715449325,13.87234318811122
contributiebetaler,1,5.160779705048022E-8,0.034482758620689655,2.2993791676247413E-6,19.349854715449325,13.87234318811122
persoonsverwarring,1,5.160779705048022E-8,0.034482758620689655,2.2993791676247413E-6,19.349854715449325,13.87234318811122
gnuift,1,7.741169557572033E-7,0.034482758620689655,2.2993791676247413E-6,15.44296411984081,13.87234318811122
aanvraagformulier,1,7.741169557572033E-7,0.034482758620689655,2.2993791676247413E-6,15.44296411984081,13.87234318811122
cda’er,1,9.289403469086439E-7,0.034482758620689655,2.2993791676247413E-6,15.179929714007013,13.87234318811122
erb,1,1.8062728967668076E-6,0.034482758620689655,2.2993791676247413E-6,14.220571698504362,13.87234318811122
lidmaat,1,2.838428837776412E-6,0.034482758620689655,2.2993791676247413E-6,13.568495001924667,13.87234318811122
chap,1,3.6125457935336152E-6,0.034482758620689655,2.2993791676247413E-6,13.220571698504362,13.87234318811122
izvestia,2,8.876541092682597E-6,0.06896551724137931,4.598758335249483E-6,12.923589960747229,13.87234318811122
lotenverkoper,1,8.773325498581637E-7,0.034482758620689655,4.598758335249483E-6,15.26239187419899,12.87234318811122
winterhulp,1,2.0127040849687285E-6,0.034482758620689655,4.598758335249483E-6,14.064452496587077,12.87234318811122
ledenlijst,1,2.2707430702211297E-6,0.034482758620689655,6.898137502874224E-6,13.890423096812029,12.287380687390066
proppen,1,5.057564110947062E-6,0.034482758620689655,6.898137502874224E-6,12.735144871334118,12.287380687390066
beroept,1,1.0527990598297964E-5,0.034482758620689655,6.898137502874224E-6,11.677429373477832,12.287380687390066
ontaardde,1,5.676857675552824E-6,0.034482758620689655,9.197516670498965E-6,12.568495001924667,11.87234318811122
wrok,1,2.9674483304026124E-5,0.034482758620689655,9.197516670498965E-6,10.18243656961759,11.87234318811122
authentieke,1,1.1405323148156129E-5,0.034482758620689655,1.3796275005748449E-5,11.561952156057895,11.287380687390066
lidmaatschap,7,1.0429935783902053E-4,0.2413793103448276,1.1956771671648655E-4,11.176356031127195,10.979258392027731
luns,21,5.348116008341265E-4,0.7241379310344828,3.7709818349045756E-4,10.40301804729603,10.907108606271898
familielid,2,2.368797884617042E-5,0.06896551724137931,3.679006668199586E-5,11.50750437203552,10.872343188111222
oorlogsdocumentatie,1,7.328307181168191E-6,0.034482758620689655,2.069441250862267E-5,12.200107595944647,10.70241818666891
vermoedt,1,2.647479988689635E-5,0.034482758620689655,2.2993791676247414E-5,10.347039699842274,10.550415093223858
reglementen,1,1.6927357432557513E-5,0.034482758620689655,2.5293170843872154E-5,10.992302710831245,10.412911569473922
onaantastbaar,1,1.888845372047576E-5,0.034482758620689655,2.5293170843872154E-5,10.834154877165284,10.412911569473922
consequenties,3,7.483130572319631E-5,0.10344827586206896,8.047827086686595E-5,10.43298003126819,10.32802267188741
rancune,1,1.7753082185365194E-5,0.034482758620689655,2.7592550011496897E-5,10.923589960747229,10.287380687390064
stuurde,1,4.691148751888652E-5,0.034482758620689655,3.219130834674638E-5,9.521718231255221,10.064988266053616
verbindt,1,2.3378332063867538E-5,0.034482758620689655,3.449068751437112E-5,10.526487475403092,9.965452592502704
uns,1,1.4295359782983021E-5,0.034482758620689655,3.679006668199586E-5,11.236112549400136,9.872343188111222
geconfronteerd,1,2.590711411934107E-5,0.034482758620689655,3.679006668199586E-5,10.378311161498555,9.872343188111222
formulier,1,2.2449391716958896E-5,0.034482758620689655,4.368820418487009E-5,10.584983124713238,9.624415674667635
schokt,1,5.6149283190922475E-5,0.034482758620689655,4.368820418487009E-5,9.262391874198988,9.624415674667635
inschrijving,1,1.268519651500804E-4,0.034482758620689655,5.7484479190618535E-5,8.086585515076667,9.228486998336495
tracht,1,1.0760225685025125E-4,0.034482758620689655,5.9783858358243275E-5,8.3240230471173,9.171903469970129
eerherstel,1,6.610958802166516E-5,0.034482758620689655,6.208323752586801E-5,9.02679995510768,9.117455685947752
documenten,1,1.0837637380600845E-4,0.034482758620689655,6.208323752586801E-5,8.313681102895842,9.117455685947752
voorbarig,1,6.796746871548245E-5,0.034482758620689655,6.438261669349276E-5,8.986815085192813,9.064988266053614
vam,1,2.248551717489423E-4,0.034482758620689655,7.128075419636698E-5,7.260735317534159,8.918146877724347
riod,1,5.418818690300423E-6,0.034482758620689655,7.81788916992412E-5,12.635609197783204,8.78488034686088
stempel,1,8.246925968666739E-5,0.034482758620689655,9.427454587261439E-5,8.70780302252135,8.514791183493138
kooiman,1,7.276699384117711E-5,0.034482758620689655,1.0807082087836284E-4,8.888375268163172,8.317754336433584
onschuldig,1,1.0244147714520323E-4,0.034482758620689655,1.0807082087836284E-4,8.394931423419008,8.317754336433584
verleden,3,4.7185008843254065E-4,0.10344827586206896,3.610025293170844E-4,7.776365311632095,8.16268493994075
inde,1,9.908697033692203E-5,0.034482758620689655,1.2646585421936078E-4,8.44296411984081,8.090983474586562
herzien,1,9.717748184605425E-5,0.034482758620689655,1.3106461255461024E-4,8.4710374308351,8.039453173946479
bevestigt,1,1.2958717839375584E-4,0.034482758620689655,1.448608875603587E-4,8.055808402177826,7.895063264611304
gemeld,1,1.419214418888206E-4,0.034482758620689655,1.5865716256610715E-4,7.924638812149944,7.763818731333052
kamerdebat,1,7.008338839455214E-5,0.034482758620689655,1.6325592090135664E-4,8.942586951204595,7.7225960686065385
gelezen,1,1.288646692350491E-4,0.034482758620689655,1.6325592090135664E-4,8.063874609521116,7.7225960686065385
actualiteit,1,3.050020805683381E-5,0.034482758620689655,1.8165095424235456E-4,10.142840395271795,7.568562439934118
das,1,1.6024220984174107E-4,0.034482758620689655,1.8624971257760406E-4,7.749477162341485,7.5324931852265955
kringen,1,1.061572385328378E-4,0.034482758620689655,1.9084847091285352E-4,8.343528636924395,7.497303756764296
bewijs,1,2.677412510978914E-4,0.034482758620689655,2.0234536675097723E-4,7.008891951197629,7.412911569473925
topman,1,1.9564515861837051E-4,0.034482758620689655,2.2533915842722465E-4,7.461491974278685,7.257633343996014
schakel,1,1.3634779980736873E-4,0.034482758620689655,2.4833295010347206E-4,7.9824399642025,7.117455685947752
stukken,1,3.6543481091445043E-4,0.034482758620689655,2.5753046677397105E-4,6.5601173143821825,7.064988266053618
lid,7,0.0016448437075929055,0.2413793103448276,0.0019038859507932858,7.19720770543885,6.9862111526695
voert,1,2.818301796926725E-4,0.034482758620689655,2.7592550011496897E-4,6.934905273975064,6.965452592502702
wist,1,3.895356521370247E-4,0.034482758620689655,2.9661991262359163E-4,6.467976007848883,6.861115932687968
genoemd,1,2.757404596407158E-4,0.034482758620689655,3.081168084617153E-4,6.966420413626553,6.8062539976534495
hoeft,1,2.0312828919069015E-4,0.034482758620689655,3.173143251322143E-4,7.407340210110085,6.763818731333052
ontkent,1,3.339540547136575E-4,0.034482758620689655,3.2881122097033804E-4,6.690081753567718,6.712471851332831
bureau,1,4.3118314435676224E-4,0.034482758620689655,3.449068751437112E-4,6.321430602500778,6.6435244976153385
zekerheid,1,3.175943830486553E-4,0.034482758620689655,3.747988043228328E-4,6.762545987115782,6.523615033880143
chef,1,3.869552622845007E-4,0.034482758620689655,3.7709818349045756E-4,6.477564605161236,6.514791183493136
rol,2,7.277215462088215E-4,0.06896551724137931,7.610945044837894E-4,6.5663448581067385,6.501655781304004
navo,3,8.22008991420049E-4,0.10344827586206896,0.0011657852379857439,6.975539710449982,6.471463751829037
belangrijk,1,5.019890419100211E-4,0.034482758620689655,4.0009197516670497E-4,6.102075512984118,6.429399692262493
prof,4,0.0023136291495700788,0.13793103448275862,0.0016463554840193148,5.897645655405981,6.388527410846965
les,1,4.450656417633414E-4,0.034482758620689655,4.3688204184870086E-4,6.275713252696821,6.302487579780273
mavo,1,2.1566898387395683E-4,0.034482758620689655,4.391814210163256E-4,7.320912672126919,6.294914360075472
agt,3,3.595515220506957E-4,0.10344827586206896,0.0014348126005978385,8.168495368216522,6.17190346997013
dertig,1,4.962605764374178E-4,0.034482758620689655,5.081627960450678E-4,6.118633534738141,6.084440628719788
strips,1,2.496785221302233E-4,0.034482758620689655,5.725454127385606E-4,7.109659661469401,5.912341256043138
blad,1,5.968957806858542E-4,0.034482758620689655,6.300298919291791E-4,5.852252328665838,5.774311105150694
generaal,1,0.0010750420203585534,0.034482758620689655,6.714187169464244E-4,5.003410237740148,5.682518629231204
spoor,1,4.894483472267544E-4,0.034482758620689655,6.829156127845481E-4,6.13857476796732,5.658024067310455
gesprek,3,0.0016008738645058964,0.10344827586206896,0.0021039319383766384,6.013906150247032,5.619677755660972
vóór,1,8.846608570393319E-4,0.034482758620689655,7.541963669809151E-4,5.284606893791798,5.514791183493136
jong,7,0.004836321484991653,0.2413793103448276,0.00541733731892389,5.64124806349235,5.477574286338364
jaren,3,0.0023163643628137543,0.10344827586206896,0.0023315704759714877,5.480903583958333,5.471463751829037
trouw,1,6.663598755158005E-4,0.034482758620689655,7.955851919981604E-4,5.693429852171548,5.437714960474496
secretaris,1,8.131840581244168E-4,0.034482758620689655,8.760634628650264E-4,5.4061494519375675,5.298696000617898
joseph,1,9.751809330658742E-4,0.034482758620689655,9.013566337088986E-4,5.14406146605217,5.257633343996012
maarten,1,7.692658228344581E-4,0.034482758620689655,9.749367670728904E-4,5.486249171127877,5.144422733548021
ondanks,1,0.0010668363806275272,0.034482758620689655,0.0010002299379167625,5.014464360755401,5.107471597375129
oorlog,1,0.0013720965001811176,0.034482758620689655,0.00102322372959301,4.651421339046447,5.074681662257461
brief,1,0.0011758320479981412,0.034482758620689655,0.001138192687974247,4.87412128448293,4.9210584731442495
brieven,1,9.817351232912852E-4,0.034482758620689655,0.0011565877213152449,5.134397553222595,4.897928598305693
marten,1,9.394683375069419E-4,0.034482758620689655,0.0011841802713267418,5.197886844481138,4.8639145660406395
volgens,1,0.001002997535676083,0.034482758620689655,0.0012807541963669809,5.103485228222768,4.750809670771188
onmogelijk,1,7.329339337109201E-4,0.034482758620689655,0.0013428374338928489,5.556048223993557,4.682518629231204
kamer,3,0.003551596985216998,0.10344827586206896,0.004394113589330881,4.864297908009125,4.557193625854921
zegt,1,0.001342370409080041,0.034482758620689655,0.001519889629799954,4.683020470747843,4.503836726603529
aanwezig,1,9.312626977759156E-4,0.034482758620689655,0.0015382846631409519,5.210543192664732,4.486480787469759
